anio,seccion,delito,modalidad_comision,cuest_modulo_envipe_7,cuest_modulo_envipe2025_2,estimacion,porcentaje,total_delito
2010,SECCIÓN IV. FRAUDE,Fraude,Clonación de tarjeta o fraude bancario (BPCOD 06),NA,NA,1010803,50.1753,2014545
2010,SECCIÓN IV. FRAUDE,Fraude,Cheque falso,4.1 ¿Qué tipo de fraude fue?,NA,19787,0.9822,2014545
2010,SECCIÓN IV. FRAUDE,Fraude,Pago por un servicio/producto no entregado (al consumidor),4.1 ¿Qué tipo de fraude fue?,NA,822639,40.835,2014545
2010,SECCIÓN IV. FRAUDE,Fraude,Por internet/correo electrónico,4.1 ¿Qué tipo de fraude fue?,NA,59425,2.9498,2014545
2010,SECCIÓN IV. FRAUDE,Fraude,Otro,4.1 ¿Qué tipo de fraude fue?,NA,31951,1.586,2014545
2010,SECCIÓN IV. FRAUDE,Fraude,No especificado,4.1 ¿Qué tipo de fraude fue?,NA,69940,3.4718,2014545
2010,SECCIÓN V. EXTORSIÓN,Extorsión,Telefónica,5.1 ¿La extorsión fue...?,NA,4868818,88.7584,5485470
2010,SECCIÓN V. EXTORSIÓN,Extorsión,Laboral,5.1 ¿La extorsión fue...?,NA,74594,1.3598,5485470
2010,SECCIÓN V. EXTORSIÓN,Extorsión,Por internet/correo electrónico,5.1 ¿La extorsión fue...?,NA,81965,1.4942,5485470
2010,SECCIÓN V. EXTORSIÓN,Extorsión,En la calle,5.1 ¿La extorsión fue...?,NA,225693,4.1144,5485470
2010,SECCIÓN V. EXTORSIÓN,Extorsión,En negocio propio o familiar,5.1 ¿La extorsión fue...?,NA,75436,1.3752,5485470
2010,SECCIÓN V. EXTORSIÓN,Extorsión,Cobro de piso,5.1 ¿La extorsión fue...?,NA,12120,0.2209,5485470
2010,SECCIÓN V. EXTORSIÓN,Extorsión,Otro,5.1 ¿La extorsión fue...?,NA,51188,0.9332,5485470
2010,SECCIÓN V. EXTORSIÓN,Extorsión,No especificado,5.1 ¿La extorsión fue...?,NA,95656,1.7438,5485470
2011,SECCIÓN IV. FRAUDE,Fraude,Clonación de tarjeta o fraude bancario (BPCOD 06),NA,NA,1102434,56.9819,1934709
2011,SECCIÓN IV. FRAUDE,Fraude,Cheque falso,4.1 ¿Qué tipo de fraude fue?,NA,36505,1.8868,1934709
2011,SECCIÓN IV. FRAUDE,Fraude,Pago por un servicio/producto no entregado (al consumidor),4.1 ¿Qué tipo de fraude fue?,NA,659505,34.0881,1934709
2011,SECCIÓN IV. FRAUDE,Fraude,Tarjeta de débito o crédito,4.1 ¿Qué tipo de fraude fue?,NA,34703,1.7937,1934709
2011,SECCIÓN IV. FRAUDE,Fraude,Por internet/correo electrónico,4.1 ¿Qué tipo de fraude fue?,NA,31878,1.6477,1934709
2011,SECCIÓN IV. FRAUDE,Fraude,Otro,4.1 ¿Qué tipo de fraude fue?,NA,30225,1.5623,1934709
2011,SECCIÓN IV. FRAUDE,Fraude,No especificado,4.1 ¿Qué tipo de fraude fue?,NA,39459,2.0395,1934709
2011,SECCIÓN V. EXTORSIÓN,Extorsión,Telefónica,5.1 ¿La extorsión fue...?,NA,3894150,88.9961,4375640
2011,SECCIÓN V. EXTORSIÓN,Extorsión,Laboral,5.1 ¿La extorsión fue...?,NA,51196,1.17,4375640
2011,SECCIÓN V. EXTORSIÓN,Extorsión,Por internet/correo electrónico,5.1 ¿La extorsión fue...?,NA,1838,0.042,4375640
2011,SECCIÓN V. EXTORSIÓN,Extorsión,En la calle,5.1 ¿La extorsión fue...?,NA,212704,4.8611,4375640
2011,SECCIÓN V. EXTORSIÓN,Extorsión,En negocio propio o familiar,5.1 ¿La extorsión fue...?,NA,61423,1.4037,4375640
2011,SECCIÓN V. EXTORSIÓN,Extorsión,Cobro de piso,5.1 ¿La extorsión fue...?,NA,39888,0.9116,4375640
2011,SECCIÓN V. EXTORSIÓN,Extorsión,Otro,5.1 ¿La extorsión fue...?,NA,55063,1.2584,4375640
2011,SECCIÓN V. EXTORSIÓN,Extorsión,No especificado,5.1 ¿La extorsión fue...?,NA,59378,1.357,4375640
2012,SECCIÓN IV. FRAUDE,Fraude,Cheque falso o sin fondos,4.1 ¿Qué tipo de fraude fue?,NA,32950,1.2564,2622599
2012,SECCIÓN IV. FRAUDE,Fraude,Dinero falso,4.1 ¿Qué tipo de fraude fue?,NA,284161,10.8351,2622599
2012,SECCIÓN IV. FRAUDE,Fraude,Pago por un servicio/producto no entregado (al consumidor),4.1 ¿Qué tipo de fraude fue?,NA,1093589,41.6987,2622599
2012,SECCIÓN IV. FRAUDE,Fraude,Tarjeta de débito o crédito,4.1 ¿Qué tipo de fraude fue?,NA,914624,34.8747,2622599
2012,SECCIÓN IV. FRAUDE,Fraude,Por internet/correo electrónico,4.1 ¿Qué tipo de fraude fue?,NA,55002,2.0972,2622599
2012,SECCIÓN IV. FRAUDE,Fraude,Otro,4.1 ¿Qué tipo de fraude fue?,NA,169014,6.4445,2622599
2012,SECCIÓN IV. FRAUDE,Fraude,No especificado,4.1 ¿Qué tipo de fraude fue?,NA,73259,2.7934,2622599
2012,SECCIÓN V. EXTORSIÓN,Extorsión,Telefónica,5.1 ¿La extorsión fue...?,NA,5505341,91.847,5994034
2012,SECCIÓN V. EXTORSIÓN,Extorsión,Laboral,5.1 ¿La extorsión fue...?,NA,40998,0.684,5994034
2012,SECCIÓN V. EXTORSIÓN,Extorsión,Por internet/correo electrónico,5.1 ¿La extorsión fue...?,NA,23379,0.39,5994034
2012,SECCIÓN V. EXTORSIÓN,Extorsión,En la calle,5.1 ¿La extorsión fue...?,NA,182982,3.0527,5994034
2012,SECCIÓN V. EXTORSIÓN,Extorsión,En negocio propio o familiar,5.1 ¿La extorsión fue...?,NA,65394,1.091,5994034
2012,SECCIÓN V. EXTORSIÓN,Extorsión,Cobro de piso,5.1 ¿La extorsión fue...?,NA,32623,0.5443,5994034
2012,SECCIÓN V. EXTORSIÓN,Extorsión,Otro,5.1 ¿La extorsión fue...?,NA,48934,0.8164,5994034
2012,SECCIÓN V. EXTORSIÓN,Extorsión,No especificado,5.1 ¿La extorsión fue...?,NA,94383,1.5746,5994034
2013,SECCIÓN IV. FRAUDE,Fraude,Pago por un servicio/producto no entregado (al consumidor),4.1 ¿Qué tipo de fraude fue?,NA,1764217,55.663,3169461
2013,SECCIÓN IV. FRAUDE,Fraude,Cheque falso o sin fondos,4.1 ¿Qué tipo de fraude fue?,NA,39658,1.2513,3169461
2013,SECCIÓN IV. FRAUDE,Fraude,Dinero falso,4.1 ¿Qué tipo de fraude fue?,NA,216486,6.8304,3169461
2013,SECCIÓN IV. FRAUDE,Fraude,Tarjeta de débito o crédito,4.1 ¿Qué tipo de fraude fue?,NA,1077199,33.9868,3169461
2013,SECCIÓN IV. FRAUDE,Fraude,Por internet/correo electrónico,4.1 ¿Qué tipo de fraude fue?,NA,47148,1.4876,3169461
2013,SECCIÓN IV. FRAUDE,Fraude,Otro,4.1 ¿Qué tipo de fraude fue?,NA,17429,0.5499,3169461
2013,SECCIÓN IV. FRAUDE,Fraude,No especificado,4.1 ¿Qué tipo de fraude fue?,NA,7324,0.2311,3169461
2013,SECCIÓN V. EXTORSIÓN,Extorsión,Telefónica,5.1 ¿La extorsión fue...?,NA,7323178,93.9587,7794040
2013,SECCIÓN V. EXTORSIÓN,Extorsión,Laboral,5.1 ¿La extorsión fue...?,NA,43416,0.557,7794040
2013,SECCIÓN V. EXTORSIÓN,Extorsión,Por internet/correo electrónico,5.1 ¿La extorsión fue...?,NA,17266,0.2215,7794040
2013,SECCIÓN V. EXTORSIÓN,Extorsión,En la calle,5.1 ¿La extorsión fue...?,NA,171406,2.1992,7794040
2013,SECCIÓN V. EXTORSIÓN,Extorsión,En negocio propio o familiar,5.1 ¿La extorsión fue...?,NA,133761,1.7162,7794040
2013,SECCIÓN V. EXTORSIÓN,Extorsión,Cobro de piso,5.1 ¿La extorsión fue...?,NA,22140,0.2841,7794040
2013,SECCIÓN V. EXTORSIÓN,Extorsión,Otro,5.1 ¿La extorsión fue...?,NA,59202,0.7596,7794040
2013,SECCIÓN V. EXTORSIÓN,Extorsión,No especificado,5.1 ¿La extorsión fue...?,NA,23671,0.3037,7794040
2014,SECCIÓN IV. FRAUDE,Fraude,Pago por un servicio/producto no entregado (al consumidor),4.1 ¿Qué tipo de fraude fue?,NA,1814676,52.71,3442757
2014,SECCIÓN IV. FRAUDE,Fraude,Cheque falso o sin fondos,4.1 ¿Qué tipo de fraude fue?,NA,38733,1.1251,3442757
2014,SECCIÓN IV. FRAUDE,Fraude,Dinero falso,4.1 ¿Qué tipo de fraude fue?,NA,326131,9.473,3442757
2014,SECCIÓN IV. FRAUDE,Fraude,Tarjeta de débito o crédito,4.1 ¿Qué tipo de fraude fue?,NA,1143511,33.215,3442757
2014,SECCIÓN IV. FRAUDE,Fraude,Por internet/correo electrónico,4.1 ¿Qué tipo de fraude fue?,NA,49928,1.4502,3442757
2014,SECCIÓN IV. FRAUDE,Fraude,Otro,4.1 ¿Qué tipo de fraude fue?,NA,33632,0.9769,3442757
2014,SECCIÓN IV. FRAUDE,Fraude,No especificado,4.1 ¿Qué tipo de fraude fue?,NA,36146,1.0499,3442757
2014,SECCIÓN V. EXTORSIÓN,Extorsión,Telefónica,5.1 ¿La extorsión fue...?,NA,7546896,94.6962,7969585
2014,SECCIÓN V. EXTORSIÓN,Extorsión,Laboral,5.1 ¿La extorsión fue...?,NA,34268,0.43,7969585
2014,SECCIÓN V. EXTORSIÓN,Extorsión,Por internet/correo electrónico,5.1 ¿La extorsión fue...?,NA,16294,0.2045,7969585
2014,SECCIÓN V. EXTORSIÓN,Extorsión,En la calle,5.1 ¿La extorsión fue...?,NA,204662,2.568,7969585
2014,SECCIÓN V. EXTORSIÓN,Extorsión,En negocio propio o familiar,5.1 ¿La extorsión fue...?,NA,55188,0.6925,7969585
2014,SECCIÓN V. EXTORSIÓN,Extorsión,Cobro de piso,5.1 ¿La extorsión fue...?,NA,31281,0.3925,7969585
2014,SECCIÓN V. EXTORSIÓN,Extorsión,Otro,5.1 ¿La extorsión fue...?,NA,66733,0.8373,7969585
2014,SECCIÓN V. EXTORSIÓN,Extorsión,No especificado,5.1 ¿La extorsión fue...?,NA,14263,0.179,7969585
2015,SECCIÓN IV. FRAUDE,Fraude,Pago por un servicio/producto no entregado (al consumidor),4.1 ¿Qué tipo de fraude fue?,NA,1529623,47.4277,3225165
2015,SECCIÓN IV. FRAUDE,Fraude,Cheque falso o sin fondos,4.1 ¿Qué tipo de fraude fue?,NA,14365,0.4454,3225165
2015,SECCIÓN IV. FRAUDE,Fraude,Dinero falso,4.1 ¿Qué tipo de fraude fue?,NA,493092,15.2889,3225165
2015,SECCIÓN IV. FRAUDE,Fraude,Tarjeta de débito o crédito,4.1 ¿Qué tipo de fraude fue?,NA,1089451,33.7797,3225165
2015,SECCIÓN IV. FRAUDE,Fraude,Por internet/correo electrónico,4.1 ¿Qué tipo de fraude fue?,NA,40459,1.2545,3225165
2015,SECCIÓN IV. FRAUDE,Fraude,Otro,4.1 ¿Qué tipo de fraude fue?,NA,28457,0.8823,3225165
2015,SECCIÓN IV. FRAUDE,Fraude,No especificado,4.1 ¿Qué tipo de fraude fue?,NA,29718,0.9214,3225165
2015,SECCIÓN V. EXTORSIÓN,Extorsión,Telefónica,5.1 ¿La extorsión fue...?,NA,6677177,94.0331,7100878
2015,SECCIÓN V. EXTORSIÓN,Extorsión,Laboral,5.1 ¿La extorsión fue...?,NA,26780,0.3771,7100878
2015,SECCIÓN V. EXTORSIÓN,Extorsión,Por internet/correo electrónico,5.1 ¿La extorsión fue...?,NA,2318,0.0326,7100878
2015,SECCIÓN V. EXTORSIÓN,Extorsión,En la calle,5.1 ¿La extorsión fue...?,NA,213176,3.0021,7100878
2015,SECCIÓN V. EXTORSIÓN,Extorsión,En negocio propio o familiar,5.1 ¿La extorsión fue...?,NA,40488,0.5702,7100878
2015,SECCIÓN V. EXTORSIÓN,Extorsión,Cobro de piso,5.1 ¿La extorsión fue...?,NA,27611,0.3888,7100878
2015,SECCIÓN V. EXTORSIÓN,Extorsión,Otro,5.1 ¿La extorsión fue...?,NA,67856,0.9556,7100878
2015,SECCIÓN V. EXTORSIÓN,Extorsión,No especificado,5.1 ¿La extorsión fue...?,NA,45472,0.6404,7100878
2016,SECCIÓN IV. FRAUDE,Fraude,Pago por un servicio/producto no entregado (al consumidor),4.1 ¿Qué tipo de fraude fue?,NA,1683733,43.1049,3906132
2016,SECCIÓN IV. FRAUDE,Fraude,Cheque falso o sin fondos,4.1 ¿Qué tipo de fraude fue?,NA,28339,0.7255,3906132
2016,SECCIÓN IV. FRAUDE,Fraude,Dinero falso,4.1 ¿Qué tipo de fraude fue?,NA,734872,18.8133,3906132
2016,SECCIÓN IV. FRAUDE,Fraude,Tarjeta de débito o crédito,4.1 ¿Qué tipo de fraude fue?,NA,1304484,33.3958,3906132
2016,SECCIÓN IV. FRAUDE,Fraude,Por internet/correo electrónico,4.1 ¿Qué tipo de fraude fue?,NA,59407,1.5209,3906132
2016,SECCIÓN IV. FRAUDE,Fraude,Otro,4.1 ¿Qué tipo de fraude fue?,NA,29041,0.7435,3906132
2016,SECCIÓN IV. FRAUDE,Fraude,No especificado,4.1 ¿Qué tipo de fraude fue?,NA,66256,1.6962,3906132
2016,SECCIÓN V. EXTORSIÓN,Extorsión,Telefónica,5.1 ¿La extorsión fue...?,NA,7170019,95.556,7503477
2016,SECCIÓN V. EXTORSIÓN,Extorsión,Laboral,5.1 ¿La extorsión fue...?,NA,29811,0.3973,7503477
2016,SECCIÓN V. EXTORSIÓN,Extorsión,Por internet/correo electrónico,5.1 ¿La extorsión fue...?,NA,9217,0.1228,7503477
2016,SECCIÓN V. EXTORSIÓN,Extorsión,En la calle,5.1 ¿La extorsión fue...?,NA,156105,2.0804,7503477
2016,SECCIÓN V. EXTORSIÓN,Extorsión,En negocio propio o familiar,5.1 ¿La extorsión fue...?,NA,55688,0.7422,7503477
2016,SECCIÓN V. EXTORSIÓN,Extorsión,Cobro de piso,5.1 ¿La extorsión fue...?,NA,19403,0.2586,7503477
2016,SECCIÓN V. EXTORSIÓN,Extorsión,Otro,5.1 ¿La extorsión fue...?,NA,52272,0.6966,7503477
2016,SECCIÓN V. EXTORSIÓN,Extorsión,No especificado,5.1 ¿La extorsión fue...?,NA,10962,0.1461,7503477
2017,SECCIÓN IV. FRAUDE,Fraude,Pago por un servicio/producto no entregado (al consumidor),4.1 ¿Qué tipo de fraude fue?,NA,1852462,40.6181,4560683
2017,SECCIÓN IV. FRAUDE,Fraude,Cheque falso o sin fondos,4.1 ¿Qué tipo de fraude fue?,NA,36310,0.7962,4560683
2017,SECCIÓN IV. FRAUDE,Fraude,Dinero falso,4.1 ¿Qué tipo de fraude fue?,NA,683700,14.9912,4560683
2017,SECCIÓN IV. FRAUDE,Fraude,Tarjeta de débito o crédito,4.1 ¿Qué tipo de fraude fue?,NA,1763256,38.6621,4560683
2017,SECCIÓN IV. FRAUDE,Fraude,Por internet/correo electrónico,4.1 ¿Qué tipo de fraude fue?,NA,116769,2.5603,4560683
2017,SECCIÓN IV. FRAUDE,Fraude,Otro,4.1 ¿Qué tipo de fraude fue?,NA,70005,1.535,4560683
2017,SECCIÓN IV. FRAUDE,Fraude,No especificado,4.1 ¿Qué tipo de fraude fue?,NA,38181,0.8372,4560683
2017,SECCIÓN V. EXTORSIÓN,Extorsión,Telefónica,5.1 ¿La extorsión fue...?,NA,6139618,93.1554,6590728
2017,SECCIÓN V. EXTORSIÓN,Extorsión,Laboral,5.1 ¿La extorsión fue...?,NA,19650,0.2981,6590728
2017,SECCIÓN V. EXTORSIÓN,Extorsión,Por internet/correo electrónico,5.1 ¿La extorsión fue...?,NA,6356,0.0964,6590728
2017,SECCIÓN V. EXTORSIÓN,Extorsión,En la calle,5.1 ¿La extorsión fue...?,NA,243583,3.6958,6590728
2017,SECCIÓN V. EXTORSIÓN,Extorsión,En negocio propio o familiar,5.1 ¿La extorsión fue...?,NA,73141,1.1098,6590728
2017,SECCIÓN V. EXTORSIÓN,Extorsión,Cobro de piso,5.1 ¿La extorsión fue...?,NA,20485,0.3108,6590728
2017,SECCIÓN V. EXTORSIÓN,Extorsión,Otro,5.1 ¿La extorsión fue...?,NA,71887,1.0907,6590728
2017,SECCIÓN V. EXTORSIÓN,Extorsión,No especificado,5.1 ¿La extorsión fue...?,NA,16008,0.2429,6590728
2018,SECCIÓN IV. FRAUDE,Fraude,Pago por un servicio/producto no entregado (al consumidor),4.1 ¿Qué tipo de fraude fue?,NA,2034442,43.1385,4716073
2018,SECCIÓN IV. FRAUDE,Fraude,Cheque falso o sin fondos,4.1 ¿Qué tipo de fraude fue?,NA,19105,0.4051,4716073
2018,SECCIÓN IV. FRAUDE,Fraude,Dinero falso,4.1 ¿Qué tipo de fraude fue?,NA,302336,6.4108,4716073
2018,SECCIÓN IV. FRAUDE,Fraude,Tarjeta de débito o crédito,4.1 ¿Qué tipo de fraude fue?,NA,2093200,44.3844,4716073
2018,SECCIÓN IV. FRAUDE,Fraude,Por internet/correo electrónico,4.1 ¿Qué tipo de fraude fue?,NA,209658,4.4456,4716073
2018,SECCIÓN IV. FRAUDE,Fraude,Otro,4.1 ¿Qué tipo de fraude fue?,NA,40906,0.8674,4716073
2018,SECCIÓN IV. FRAUDE,Fraude,No especificado,4.1 ¿Qué tipo de fraude fue?,NA,16426,0.3483,4716073
2018,SECCIÓN V. EXTORSIÓN,Extorsión,Telefónica,5.1 ¿La extorsión fue...?,NA,5235399,91.5865,5716346
2018,SECCIÓN V. EXTORSIÓN,Extorsión,Laboral,5.1 ¿La extorsión fue...?,NA,72542,1.269,5716346
2018,SECCIÓN V. EXTORSIÓN,Extorsión,Por internet/correo electrónico,5.1 ¿La extorsión fue...?,NA,28330,0.4956,5716346
2018,SECCIÓN V. EXTORSIÓN,Extorsión,En la calle,5.1 ¿La extorsión fue...?,NA,206087,3.6052,5716346
2018,SECCIÓN V. EXTORSIÓN,Extorsión,En negocio propio o familiar,5.1 ¿La extorsión fue...?,NA,46689,0.8168,5716346
2018,SECCIÓN V. EXTORSIÓN,Extorsión,Cobro de piso,5.1 ¿La extorsión fue...?,NA,18559,0.3247,5716346
2018,SECCIÓN V. EXTORSIÓN,Extorsión,Otro,5.1 ¿La extorsión fue...?,NA,79132,1.3843,5716346
2018,SECCIÓN V. EXTORSIÓN,Extorsión,No especificado,5.1 ¿La extorsión fue...?,NA,29608,0.518,5716346
2019,SECCIÓN IV. FRAUDE,Fraude,Pago por un servicio/producto no entregado (al consumidor),4.1 ¿Qué tipo de fraude fue?,NA,1961679,42.8612,4576819
2019,SECCIÓN IV. FRAUDE,Fraude,Cheque falso o sin fondos,4.1 ¿Qué tipo de fraude fue?,NA,30724,0.6713,4576819
2019,SECCIÓN IV. FRAUDE,Fraude,Dinero falso,4.1 ¿Qué tipo de fraude fue?,NA,304691,6.6573,4576819
2019,SECCIÓN IV. FRAUDE,Fraude,Tarjeta de débito o crédito,4.1 ¿Qué tipo de fraude fue?,NA,1988321,43.4433,4576819
2019,SECCIÓN IV. FRAUDE,Fraude,Por internet/correo electrónico,4.1 ¿Qué tipo de fraude fue?,NA,208360,4.5525,4576819
2019,SECCIÓN IV. FRAUDE,Fraude,Otro,4.1 ¿Qué tipo de fraude fue?,NA,61362,1.3407,4576819
2019,SECCIÓN IV. FRAUDE,Fraude,No especificado,4.1 ¿Qué tipo de fraude fue?,NA,21682,0.4737,4576819
2019,SECCIÓN V. EXTORSIÓN,Extorsión,Telefónica,5.1 ¿La extorsión fue...?,NA,4103683,88.8767,4617275
2019,SECCIÓN V. EXTORSIÓN,Extorsión,Laboral,5.1 ¿La extorsión fue...?,NA,59496,1.2886,4617275
2019,SECCIÓN V. EXTORSIÓN,Extorsión,Por internet/correo electrónico,5.1 ¿La extorsión fue...?,NA,30568,0.662,4617275
2019,SECCIÓN V. EXTORSIÓN,Extorsión,En la calle,5.1 ¿La extorsión fue...?,NA,216676,4.6927,4617275
2019,SECCIÓN V. EXTORSIÓN,Extorsión,En negocio propio o familiar,5.1 ¿La extorsión fue...?,NA,87798,1.9015,4617275
2019,SECCIÓN V. EXTORSIÓN,Extorsión,Cobro de piso,5.1 ¿La extorsión fue...?,NA,33625,0.7282,4617275
2019,SECCIÓN V. EXTORSIÓN,Extorsión,Otro,5.1 ¿La extorsión fue...?,NA,50786,1.0999,4617275
2019,SECCIÓN V. EXTORSIÓN,Extorsión,No especificado,5.1 ¿La extorsión fue...?,NA,34643,0.7503,4617275
2020,SECCIÓN IV. FRAUDE,Fraude,Pago por un servicio/producto no entregado (al consumidor),4.1 ¿Qué tipo de fraude fue?,NA,2315360,43.4204,5332430
2020,SECCIÓN IV. FRAUDE,Fraude,Cheque falso o sin fondos,4.1 ¿Qué tipo de fraude fue?,NA,21857,0.4099,5332430
2020,SECCIÓN IV. FRAUDE,Fraude,Dinero falso,4.1 ¿Qué tipo de fraude fue?,NA,424673,7.964,5332430
2020,SECCIÓN IV. FRAUDE,Fraude,Tarjeta de débito o crédito,4.1 ¿Qué tipo de fraude fue?,NA,2249707,42.1892,5332430
2020,SECCIÓN IV. FRAUDE,Fraude,Por internet/correo electrónico,4.1 ¿Qué tipo de fraude fue?,NA,215976,4.0502,5332430
2020,SECCIÓN IV. FRAUDE,Fraude,Otro,4.1 ¿Qué tipo de fraude fue?,NA,85278,1.5992,5332430
2020,SECCIÓN IV. FRAUDE,Fraude,No especificado,4.1 ¿Qué tipo de fraude fue?,NA,19579,0.3672,5332430
2020,SECCIÓN V. EXTORSIÓN,Extorsión,Telefónica,5.1 ¿La extorsión fue...?,NA,4229131,90.7364,4660898
2020,SECCIÓN V. EXTORSIÓN,Extorsión,Laboral,5.1 ¿La extorsión fue...?,NA,30393,0.6521,4660898
2020,SECCIÓN V. EXTORSIÓN,Extorsión,Por internet/correo electrónico,5.1 ¿La extorsión fue...?,NA,29963,0.6429,4660898
2020,SECCIÓN V. EXTORSIÓN,Extorsión,En la calle,5.1 ¿La extorsión fue...?,NA,182199,3.9091,4660898
2020,SECCIÓN V. EXTORSIÓN,Extorsión,En negocio propio o familiar,5.1 ¿La extorsión fue...?,NA,53911,1.1567,4660898
2020,SECCIÓN V. EXTORSIÓN,Extorsión,Cobro de piso,5.1 ¿La extorsión fue...?,NA,29102,0.6244,4660898
2020,SECCIÓN V. EXTORSIÓN,Extorsión,Otro,5.1 ¿La extorsión fue...?,NA,75182,1.613,4660898
2020,SECCIÓN V. EXTORSIÓN,Extorsión,No especificado,5.1 ¿La extorsión fue...?,NA,31017,0.6655,4660898
2021,SECCIÓN IV. FRAUDE,Fraude,Pago por un servicio/producto no entregado (al consumidor),4.1 ¿Qué tipo de fraude fue?,NA,2342027,43.4031,5395988
2021,SECCIÓN IV. FRAUDE,Fraude,Cheque falso o sin fondos,4.1 ¿Qué tipo de fraude fue?,NA,22510,0.4172,5395988
2021,SECCIÓN IV. FRAUDE,Fraude,Dinero falso,4.1 ¿Qué tipo de fraude fue?,NA,321040,5.9496,5395988
2021,SECCIÓN IV. FRAUDE,Fraude,Tarjeta de débito o crédito,4.1 ¿Qué tipo de fraude fue?,NA,2435274,45.1312,5395988
2021,SECCIÓN IV. FRAUDE,Fraude,Por internet/correo electrónico,4.1 ¿Qué tipo de fraude fue?,NA,201576,3.7357,5395988
2021,SECCIÓN IV. FRAUDE,Fraude,Otro,4.1 ¿Qué tipo de fraude fue?,NA,71371,1.3227,5395988
2021,SECCIÓN IV. FRAUDE,Fraude,No especificado,4.1 ¿Qué tipo de fraude fue?,NA,2190,0.0406,5395988
2021,SECCIÓN V. EXTORSIÓN,Extorsión,Telefónica,5.1 ¿La extorsión fue...?,NA,4432202,90.2651,4910206
2021,SECCIÓN V. EXTORSIÓN,Extorsión,Laboral,5.1 ¿La extorsión fue...?,NA,24434,0.4976,4910206
2021,SECCIÓN V. EXTORSIÓN,Extorsión,Por internet/correo electrónico,5.1 ¿La extorsión fue...?,NA,33064,0.6734,4910206
2021,SECCIÓN V. EXTORSIÓN,Extorsión,En la calle,5.1 ¿La extorsión fue...?,NA,221064,4.5021,4910206
2021,SECCIÓN V. EXTORSIÓN,Extorsión,En negocio propio o familiar,5.1 ¿La extorsión fue...?,NA,38177,0.7775,4910206
2021,SECCIÓN V. EXTORSIÓN,Extorsión,Cobro de piso,5.1 ¿La extorsión fue...?,NA,65677,1.3376,4910206
2021,SECCIÓN V. EXTORSIÓN,Extorsión,Otro,5.1 ¿La extorsión fue...?,NA,83051,1.6914,4910206
2021,SECCIÓN V. EXTORSIÓN,Extorsión,No especificado,5.1 ¿La extorsión fue...?,NA,12537,0.2553,4910206
2022,SECCIÓN IV. FRAUDE,Fraude,Pago por un servicio/producto no entregado (al consumidor),4.1 ¿Qué tipo de fraude fue?,NA,2361782,43.783,5394290
2022,SECCIÓN IV. FRAUDE,Fraude,Cheque falso o sin fondos,4.1 ¿Qué tipo de fraude fue?,NA,20124,0.3731,5394290
2022,SECCIÓN IV. FRAUDE,Fraude,Dinero falso,4.1 ¿Qué tipo de fraude fue?,NA,269658,4.999,5394290
2022,SECCIÓN IV. FRAUDE,Fraude,Tarjeta de débito o crédito,4.1 ¿Qué tipo de fraude fue?,NA,2441178,45.2549,5394290
2022,SECCIÓN IV. FRAUDE,Fraude,Por internet/correo electrónico,4.1 ¿Qué tipo de fraude fue?,NA,243215,4.5087,5394290
2022,SECCIÓN IV. FRAUDE,Fraude,Otro,4.1 ¿Qué tipo de fraude fue?,NA,54316,1.0069,5394290
2022,SECCIÓN IV. FRAUDE,Fraude,No especificado,4.1 ¿Qué tipo de fraude fue?,NA,4017,0.0745,5394290
2022,SECCIÓN V. EXTORSIÓN,Extorsión,Telefónica,5.1 ¿La extorsión fue...?,NA,4258130,90.0863,4726724
2022,SECCIÓN V. EXTORSIÓN,Extorsión,Laboral,5.1 ¿La extorsión fue...?,NA,32512,0.6878,4726724
2022,SECCIÓN V. EXTORSIÓN,Extorsión,Por internet/correo electrónico,5.1 ¿La extorsión fue...?,NA,51623,1.0922,4726724
2022,SECCIÓN V. EXTORSIÓN,Extorsión,En la calle,5.1 ¿La extorsión fue...?,NA,249201,5.2722,4726724
2022,SECCIÓN V. EXTORSIÓN,Extorsión,En negocio propio o familiar,5.1 ¿La extorsión fue...?,NA,36574,0.7738,4726724
2022,SECCIÓN V. EXTORSIÓN,Extorsión,Cobro de piso,5.1 ¿La extorsión fue...?,NA,33211,0.7026,4726724
2022,SECCIÓN V. EXTORSIÓN,Extorsión,Otro,5.1 ¿La extorsión fue...?,NA,59999,1.2694,4726724
2022,SECCIÓN V. EXTORSIÓN,Extorsión,No especificado,5.1 ¿La extorsión fue...?,NA,5474,0.1158,4726724
2023,SECCIÓN IV. FRAUDE,Fraude,Pago por un servicio/producto no entregado (al consumidor),4.1 ¿Qué tipo de fraude fue?,NA,3202141,48.9084,6547223
2023,SECCIÓN IV. FRAUDE,Fraude,Cheque falso o sin fondos,4.1 ¿Qué tipo de fraude fue?,NA,18511,0.2827,6547223
2023,SECCIÓN IV. FRAUDE,Fraude,Dinero falso,4.1 ¿Qué tipo de fraude fue?,NA,264969,4.047,6547223
2023,SECCIÓN IV. FRAUDE,Fraude,Tarjeta de débito o crédito,4.1 ¿Qué tipo de fraude fue?,NA,2663873,40.6871,6547223
2023,SECCIÓN IV. FRAUDE,Fraude,Por internet/correo electrónico,4.1 ¿Qué tipo de fraude fue?,NA,329826,5.0376,6547223
2023,SECCIÓN IV. FRAUDE,Fraude,Otro,4.1 ¿Qué tipo de fraude fue?,NA,60149,0.9187,6547223
2023,SECCIÓN IV. FRAUDE,Fraude,No especificado,4.1 ¿Qué tipo de fraude fue?,NA,7754,0.1184,6547223
2023,SECCIÓN V. EXTORSIÓN,Extorsión,Telefónica,5.1 ¿La extorsión fue...?,NA,4194543,85.5659,4902122
2023,SECCIÓN V. EXTORSIÓN,Extorsión,Laboral,5.1 ¿La extorsión fue...?,NA,48198,0.9832,4902122
2023,SECCIÓN V. EXTORSIÓN,Extorsión,Por internet/correo electrónico,5.1 ¿La extorsión fue...?,NA,88319,1.8016,4902122
2023,SECCIÓN V. EXTORSIÓN,Extorsión,En la calle,5.1 ¿La extorsión fue...?,NA,342993,6.9968,4902122
2023,SECCIÓN V. EXTORSIÓN,Extorsión,En negocio propio o familiar,5.1 ¿La extorsión fue...?,NA,83721,1.7079,4902122
2023,SECCIÓN V. EXTORSIÓN,Extorsión,Cobro de piso,5.1 ¿La extorsión fue...?,NA,36381,0.7421,4902122
2023,SECCIÓN V. EXTORSIÓN,Extorsión,Otro,5.1 ¿La extorsión fue...?,NA,65073,1.3274,4902122
2023,SECCIÓN V. EXTORSIÓN,Extorsión,No especificado,5.1 ¿La extorsión fue...?,NA,42894,0.875,4902122
2024,SECCIÓN IV. FRAUDE,Fraude,Pago por un servicio/producto no entregado (al consumidor),4.1 ¿Qué tipo de fraude fue?,NA,3511814,48.4008,7255689
2024,SECCIÓN IV. FRAUDE,Fraude,Cheque falso o sin fondos,4.1 ¿Qué tipo de fraude fue?,NA,13253,0.1827,7255689
2024,SECCIÓN IV. FRAUDE,Fraude,Dinero falso,4.1 ¿Qué tipo de fraude fue?,NA,211590,2.9162,7255689
2024,SECCIÓN IV. FRAUDE,Fraude,Tarjeta de débito o crédito,4.1 ¿Qué tipo de fraude fue?,NA,3100032,42.7255,7255689
2024,SECCIÓN IV. FRAUDE,Fraude,Por internet/correo electrónico,4.1 ¿Qué tipo de fraude fue?,NA,351065,4.8385,7255689
2024,SECCIÓN IV. FRAUDE,Fraude,Otro,4.1 ¿Qué tipo de fraude fue?,NA,53559,0.7382,7255689
2024,SECCIÓN IV. FRAUDE,Fraude,No especificado,4.1 ¿Qué tipo de fraude fue?,NA,14376,0.1981,7255689
2024,SECCIÓN V. EXTORSIÓN,Extorsión,Laboral,5.1 ¿La extorsión fue de tipo...?,NA,595196,10.4056,5719981
2024,SECCIÓN V. EXTORSIÓN,Extorsión,Cobro de piso,5.1 ¿La extorsión fue de tipo...?,NA,982361,17.1742,5719981
2024,SECCIÓN V. EXTORSIÓN,Extorsión,Otro,5.1 ¿La extorsión fue de tipo...?,NA,4142424,72.4202,5719981
2024,SECCIÓN I. TODOS LOS TIPOS DE DELITO,Fraude,Internet o medios electrónicos,NA,1.5a ¿El (DELITO) se realizó por medio de...?,5350580,73.7432,7255689
2024,SECCIÓN I. TODOS LOS TIPOS DE DELITO,Fraude,Llamada telefónica,NA,1.5a ¿El (DELITO) se realizó por medio de...?,546180,7.5276,7255689
2024,SECCIÓN I. TODOS LOS TIPOS DE DELITO,Fraude,Contacto presencial,NA,1.5a ¿El (DELITO) se realizó por medio de...?,1254166,17.2853,7255689
2024,SECCIÓN I. TODOS LOS TIPOS DE DELITO,Fraude,Otro medio,NA,1.5a ¿El (DELITO) se realizó por medio de...?,53145,0.7325,7255689
2024,SECCIÓN I. TODOS LOS TIPOS DE DELITO,Fraude,Sin medio sustantivo,NA,1.5a ¿El (DELITO) se realizó por medio de...?,51618,0.7114,7255689
2024,SECCIÓN I. TODOS LOS TIPOS DE DELITO,Extorsión,Internet o medios electrónicos,NA,1.5a ¿El (DELITO) se realizó por medio de...?,343963,6.0134,5719981
2024,SECCIÓN I. TODOS LOS TIPOS DE DELITO,Extorsión,Llamada telefónica,NA,1.5a ¿El (DELITO) se realizó por medio de...?,4835160,84.5311,5719981
2024,SECCIÓN I. TODOS LOS TIPOS DE DELITO,Extorsión,Contacto presencial,NA,1.5a ¿El (DELITO) se realizó por medio de...?,497338,8.6947,5719981
2024,SECCIÓN I. TODOS LOS TIPOS DE DELITO,Extorsión,Otro medio,NA,1.5a ¿El (DELITO) se realizó por medio de...?,10803,0.1889,5719981
2024,SECCIÓN I. TODOS LOS TIPOS DE DELITO,Extorsión,Sin medio sustantivo,NA,1.5a ¿El (DELITO) se realizó por medio de...?,32717,0.572,5719981
